-- Seed catalog (matches mock-data for UAT). Idempotent re-seed.
DELETE FROM playlist_tracks;
DELETE FROM playlists;
DELETE FROM tracks;
DELETE FROM albums;
DELETE FROM artists;
INSERT INTO artists (id, name, artwork, genres_json) VALUES ('a1', 'Midnight Waves', 'https://images.unsplash.com/photo-1493225457124-a3eb161ffa5f?w=300&h=300&fit=crop', '["Electronic","Ambient"]');
INSERT INTO artists (id, name, artwork, genres_json) VALUES ('a2', 'Solar Drift', 'https://images.unsplash.com/photo-1516280440614-37939bbacd81?w=300&h=300&fit=crop', '["Synthwave","Electronic"]');
INSERT INTO artists (id, name, artwork, genres_json) VALUES ('a3', 'Echo Chamber', 'https://images.unsplash.com/photo-1598387993281-cecf8b71a8f8?w=300&h=300&fit=crop', '["Indie","Alternative"]');
INSERT INTO artists (id, name, artwork, genres_json) VALUES ('a4', 'Neon Pulse', 'https://images.unsplash.com/photo-1460723237483-7a6dc9d0b212?w=300&h=300&fit=crop', '["Techno","House"]');
INSERT INTO artists (id, name, artwork, genres_json) VALUES ('a5', 'Aurora Borealis', 'https://images.unsplash.com/photo-1493225457124-a3eb161ffa5f?w=300&h=300&fit=crop', '["Classical","Ambient"]');
INSERT INTO artists (id, name, artwork, genres_json) VALUES ('a6', 'Velvet Underground', 'https://images.unsplash.com/photo-1516280440614-37939bbacd81?w=300&h=300&fit=crop', '["Rock","Experimental"]');
INSERT INTO artists (id, name, artwork, genres_json) VALUES ('cloud-upload', 'Upload', 'https://images.unsplash.com/photo-1511671782779-c97d3d27a1d4?w=300&h=300&fit=crop', '["Upload"]');
INSERT INTO albums (id, title, artist_id, artwork, year, genre, source, date_added) VALUES ('cloud-lib', 'Cloud library', 'cloud-upload', 'https://images.unsplash.com/photo-1511671782779-c97d3d27a1d4?w=300&h=300&fit=crop', 2026, 'Upload', 'cloud', '2026-04-04T09:24:36.514Z');
INSERT INTO albums (id, title, artist_id, artwork, year, genre, source, date_added) VALUES ('al1', 'Infinite Loop', 'a1', 'https://images.unsplash.com/photo-1470225620780-dba8ba36b745?w=300&h=300&fit=crop', 2020, 'Electronic', 'local', '2026-04-03T05:00:00.000Z');
INSERT INTO albums (id, title, artist_id, artwork, year, genre, source, date_added) VALUES ('al2', 'Neon Horizons', 'a2', 'https://images.unsplash.com/photo-1493225457124-a3eb161ffa5f?w=300&h=300&fit=crop', 2021, 'Synthwave', 'plex', '2026-04-03T05:00:00.000Z');
INSERT INTO albums (id, title, artist_id, artwork, year, genre, source, date_added) VALUES ('al3', 'Dark Patterns', 'a3', 'https://images.unsplash.com/photo-1511671782779-c97d3d27a1d4?w=300&h=300&fit=crop', 2022, 'Indie', 'spotify', '2026-04-02T05:00:00.000Z');
INSERT INTO albums (id, title, artist_id, artwork, year, genre, source, date_added) VALUES ('al4', 'Wavelength', 'a4', 'https://images.unsplash.com/photo-1459749411175-04bf5292ceea?w=300&h=300&fit=crop', 2023, 'Techno', 'local', '2026-03-31T05:00:00.000Z');
INSERT INTO albums (id, title, artist_id, artwork, year, genre, source, date_added) VALUES ('al5', 'Chromatic', 'a5', 'https://images.unsplash.com/photo-1514320291840-2e0a9bf2a9ae?w=300&h=300&fit=crop', 2024, 'Classical', 'plex', '2026-03-28T05:00:00.000Z');
INSERT INTO albums (id, title, artist_id, artwork, year, genre, source, date_added) VALUES ('al6', 'Stellar', 'a6', 'https://images.unsplash.com/photo-1487180144351-b8472da7d491?w=300&h=300&fit=crop', 2025, 'Rock', 'spotify', '2026-03-21T05:00:00.000Z');
INSERT INTO albums (id, title, artist_id, artwork, year, genre, source, date_added) VALUES ('al7', 'Synthesis', 'a1', 'https://images.unsplash.com/photo-1571330735066-03aaa9429d89?w=300&h=300&fit=crop', 2020, 'Electronic', 'local', '2026-03-14T05:00:00.000Z');
INSERT INTO albums (id, title, artist_id, artwork, year, genre, source, date_added) VALUES ('al8', 'Continuum', 'a2', 'https://images.unsplash.com/photo-1446057032654-9d8885db76c6?w=300&h=300&fit=crop', 2021, 'Synthwave', 'plex', '2026-02-18T05:00:00.000Z');
INSERT INTO tracks (id, title, artist_id, album_id, duration, artwork, source, genre, year, track_number, date_added, media_r2_key, content_hash) VALUES ('t1', 'Celestial Highway', 'a1', 'al1', 180, 'https://images.unsplash.com/photo-1470225620780-dba8ba36b745?w=300&h=300&fit=crop', 'local', 'Electronic', 2020, 1, NULL, NULL, NULL);
INSERT INTO tracks (id, title, artist_id, album_id, duration, artwork, source, genre, year, track_number, date_added, media_r2_key, content_hash) VALUES ('t2', 'Neon Dreams', 'a2', 'al2', 187, 'https://images.unsplash.com/photo-1493225457124-a3eb161ffa5f?w=300&h=300&fit=crop', 'plex', 'Synthwave', 2021, 2, NULL, NULL, NULL);
INSERT INTO tracks (id, title, artist_id, album_id, duration, artwork, source, genre, year, track_number, date_added, media_r2_key, content_hash) VALUES ('t3', 'Afterglow', 'a3', 'al3', 194, 'https://images.unsplash.com/photo-1511671782779-c97d3d27a1d4?w=300&h=300&fit=crop', 'spotify', 'Indie', 2022, 3, NULL, NULL, NULL);
INSERT INTO tracks (id, title, artist_id, album_id, duration, artwork, source, genre, year, track_number, date_added, media_r2_key, content_hash) VALUES ('t4', 'Digital Rain', 'a4', 'al4', 201, 'https://images.unsplash.com/photo-1459749411175-04bf5292ceea?w=300&h=300&fit=crop', 'local', 'Techno', 2023, 4, NULL, NULL, NULL);
INSERT INTO tracks (id, title, artist_id, album_id, duration, artwork, source, genre, year, track_number, date_added, media_r2_key, content_hash) VALUES ('t5', 'Pulse', 'a5', 'al5', 208, 'https://images.unsplash.com/photo-1514320291840-2e0a9bf2a9ae?w=300&h=300&fit=crop', 'plex', 'Classical', 2024, 5, NULL, NULL, NULL);
INSERT INTO tracks (id, title, artist_id, album_id, duration, artwork, source, genre, year, track_number, date_added, media_r2_key, content_hash) VALUES ('t6', 'Horizons', 'a6', 'al6', 215, 'https://images.unsplash.com/photo-1487180144351-b8472da7d491?w=300&h=300&fit=crop', 'spotify', 'Rock', 2025, 6, NULL, NULL, NULL);
INSERT INTO tracks (id, title, artist_id, album_id, duration, artwork, source, genre, year, track_number, date_added, media_r2_key, content_hash) VALUES ('t7', 'Deep Blue', 'a1', 'al7', 222, 'https://images.unsplash.com/photo-1571330735066-03aaa9429d89?w=300&h=300&fit=crop', 'local', 'Electronic', 2020, 7, NULL, NULL, NULL);
INSERT INTO tracks (id, title, artist_id, album_id, duration, artwork, source, genre, year, track_number, date_added, media_r2_key, content_hash) VALUES ('t8', 'Starfall', 'a2', 'al8', 229, 'https://images.unsplash.com/photo-1446057032654-9d8885db76c6?w=300&h=300&fit=crop', 'plex', 'Synthwave', 2021, 8, NULL, NULL, NULL);
INSERT INTO tracks (id, title, artist_id, album_id, duration, artwork, source, genre, year, track_number, date_added, media_r2_key, content_hash) VALUES ('t9', 'Midnight Run', 'a3', 'al1', 236, 'https://images.unsplash.com/photo-1470225620780-dba8ba36b745?w=300&h=300&fit=crop', 'spotify', 'Indie', 2022, 9, NULL, NULL, NULL);
INSERT INTO tracks (id, title, artist_id, album_id, duration, artwork, source, genre, year, track_number, date_added, media_r2_key, content_hash) VALUES ('t10', 'Vapor Trail', 'a4', 'al2', 243, 'https://images.unsplash.com/photo-1493225457124-a3eb161ffa5f?w=300&h=300&fit=crop', 'local', 'Techno', 2023, 10, NULL, NULL, NULL);
INSERT INTO tracks (id, title, artist_id, album_id, duration, artwork, source, genre, year, track_number, date_added, media_r2_key, content_hash) VALUES ('t11', 'Chrome Heart', 'a5', 'al3', 250, 'https://images.unsplash.com/photo-1511671782779-c97d3d27a1d4?w=300&h=300&fit=crop', 'plex', 'Classical', 2024, 11, NULL, NULL, NULL);
INSERT INTO tracks (id, title, artist_id, album_id, duration, artwork, source, genre, year, track_number, date_added, media_r2_key, content_hash) VALUES ('t12', 'Ghost Signal', 'a6', 'al4', 257, 'https://images.unsplash.com/photo-1459749411175-04bf5292ceea?w=300&h=300&fit=crop', 'spotify', 'Rock', 2025, 12, NULL, NULL, NULL);
INSERT INTO tracks (id, title, artist_id, album_id, duration, artwork, source, genre, year, track_number, date_added, media_r2_key, content_hash) VALUES ('t13', 'Waveform', 'a1', 'al5', 264, 'https://images.unsplash.com/photo-1514320291840-2e0a9bf2a9ae?w=300&h=300&fit=crop', 'local', 'Electronic', 2020, 1, NULL, NULL, NULL);
INSERT INTO tracks (id, title, artist_id, album_id, duration, artwork, source, genre, year, track_number, date_added, media_r2_key, content_hash) VALUES ('t14', 'Solstice', 'a2', 'al6', 271, 'https://images.unsplash.com/photo-1487180144351-b8472da7d491?w=300&h=300&fit=crop', 'plex', 'Synthwave', 2021, 2, NULL, NULL, NULL);
INSERT INTO tracks (id, title, artist_id, album_id, duration, artwork, source, genre, year, track_number, date_added, media_r2_key, content_hash) VALUES ('t15', 'Prism', 'a3', 'al7', 278, 'https://images.unsplash.com/photo-1571330735066-03aaa9429d89?w=300&h=300&fit=crop', 'spotify', 'Indie', 2022, 3, NULL, NULL, NULL);
INSERT INTO tracks (id, title, artist_id, album_id, duration, artwork, source, genre, year, track_number, date_added, media_r2_key, content_hash) VALUES ('t16', 'Echo Valley', 'a4', 'al8', 285, 'https://images.unsplash.com/photo-1446057032654-9d8885db76c6?w=300&h=300&fit=crop', 'local', 'Techno', 2023, 4, NULL, NULL, NULL);
INSERT INTO tracks (id, title, artist_id, album_id, duration, artwork, source, genre, year, track_number, date_added, media_r2_key, content_hash) VALUES ('t17', 'Dark Matter', 'a5', 'al1', 292, 'https://images.unsplash.com/photo-1470225620780-dba8ba36b745?w=300&h=300&fit=crop', 'plex', 'Classical', 2024, 5, NULL, NULL, NULL);
INSERT INTO tracks (id, title, artist_id, album_id, duration, artwork, source, genre, year, track_number, date_added, media_r2_key, content_hash) VALUES ('t18', 'Radiance', 'a6', 'al2', 299, 'https://images.unsplash.com/photo-1493225457124-a3eb161ffa5f?w=300&h=300&fit=crop', 'spotify', 'Rock', 2025, 6, NULL, NULL, NULL);
INSERT INTO tracks (id, title, artist_id, album_id, duration, artwork, source, genre, year, track_number, date_added, media_r2_key, content_hash) VALUES ('t19', 'Flux', 'a1', 'al3', 306, 'https://images.unsplash.com/photo-1511671782779-c97d3d27a1d4?w=300&h=300&fit=crop', 'local', 'Electronic', 2020, 7, NULL, NULL, NULL);
INSERT INTO tracks (id, title, artist_id, album_id, duration, artwork, source, genre, year, track_number, date_added, media_r2_key, content_hash) VALUES ('t20', 'Drift', 'a2', 'al4', 313, 'https://images.unsplash.com/photo-1459749411175-04bf5292ceea?w=300&h=300&fit=crop', 'plex', 'Synthwave', 2021, 8, NULL, NULL, NULL);
INSERT INTO playlists (id, title, description, artwork, created_by, is_public) VALUES ('p1', 'Late Night Coding', 'Perfect focus music for deep work sessions', 'https://images.unsplash.com/photo-1470225620780-dba8ba36b745?w=300&h=300&fit=crop', 'You', 0);
INSERT INTO playlists (id, title, description, artwork, created_by, is_public) VALUES ('p2', 'Synthwave Essentials', 'The best of modern synthwave', 'https://images.unsplash.com/photo-1493225457124-a3eb161ffa5f?w=300&h=300&fit=crop', 'You', 1);
INSERT INTO playlists (id, title, description, artwork, created_by, is_public) VALUES ('p3', 'Morning Ambience', 'Gentle sounds to start your day', 'https://images.unsplash.com/photo-1511671782779-c97d3d27a1d4?w=300&h=300&fit=crop', 'You', 0);
INSERT INTO playlists (id, title, description, artwork, created_by, is_public) VALUES ('p4', 'Workout Energy', 'High energy tracks to keep you moving', 'https://images.unsplash.com/photo-1459749411175-04bf5292ceea?w=300&h=300&fit=crop', 'You', 1);
INSERT INTO playlists (id, title, description, artwork, created_by, is_public) VALUES ('p5', 'Chill Electronica', 'Downtempo electronic vibes', 'https://images.unsplash.com/photo-1514320291840-2e0a9bf2a9ae?w=300&h=300&fit=crop', 'You', 0);
INSERT INTO playlists (id, title, description, artwork, created_by, is_public) VALUES ('p6', 'Discover Weekly', 'Fresh picks based on your taste', 'https://images.unsplash.com/photo-1487180144351-b8472da7d491?w=300&h=300&fit=crop', 'System', 0);
INSERT INTO playlist_tracks (playlist_id, track_id, sort_order) VALUES ('p1', 't1', 1);
INSERT INTO playlist_tracks (playlist_id, track_id, sort_order) VALUES ('p1', 't2', 2);
INSERT INTO playlist_tracks (playlist_id, track_id, sort_order) VALUES ('p1', 't3', 3);
INSERT INTO playlist_tracks (playlist_id, track_id, sort_order) VALUES ('p1', 't4', 4);
INSERT INTO playlist_tracks (playlist_id, track_id, sort_order) VALUES ('p1', 't5', 5);
INSERT INTO playlist_tracks (playlist_id, track_id, sort_order) VALUES ('p1', 't6', 6);
INSERT INTO playlist_tracks (playlist_id, track_id, sort_order) VALUES ('p1', 't7', 7);
INSERT INTO playlist_tracks (playlist_id, track_id, sort_order) VALUES ('p1', 't8', 8);
INSERT INTO playlist_tracks (playlist_id, track_id, sort_order) VALUES ('p2', 't5', 1);
INSERT INTO playlist_tracks (playlist_id, track_id, sort_order) VALUES ('p2', 't6', 2);
INSERT INTO playlist_tracks (playlist_id, track_id, sort_order) VALUES ('p2', 't7', 3);
INSERT INTO playlist_tracks (playlist_id, track_id, sort_order) VALUES ('p2', 't8', 4);
INSERT INTO playlist_tracks (playlist_id, track_id, sort_order) VALUES ('p2', 't9', 5);
INSERT INTO playlist_tracks (playlist_id, track_id, sort_order) VALUES ('p2', 't10', 6);
INSERT INTO playlist_tracks (playlist_id, track_id, sort_order) VALUES ('p2', 't11', 7);
INSERT INTO playlist_tracks (playlist_id, track_id, sort_order) VALUES ('p2', 't12', 8);
INSERT INTO playlist_tracks (playlist_id, track_id, sort_order) VALUES ('p3', 't9', 1);
INSERT INTO playlist_tracks (playlist_id, track_id, sort_order) VALUES ('p3', 't10', 2);
INSERT INTO playlist_tracks (playlist_id, track_id, sort_order) VALUES ('p3', 't11', 3);
INSERT INTO playlist_tracks (playlist_id, track_id, sort_order) VALUES ('p3', 't12', 4);
INSERT INTO playlist_tracks (playlist_id, track_id, sort_order) VALUES ('p3', 't13', 5);
INSERT INTO playlist_tracks (playlist_id, track_id, sort_order) VALUES ('p3', 't14', 6);
INSERT INTO playlist_tracks (playlist_id, track_id, sort_order) VALUES ('p3', 't15', 7);
INSERT INTO playlist_tracks (playlist_id, track_id, sort_order) VALUES ('p3', 't16', 8);
INSERT INTO playlist_tracks (playlist_id, track_id, sort_order) VALUES ('p4', 't3', 1);
INSERT INTO playlist_tracks (playlist_id, track_id, sort_order) VALUES ('p4', 't4', 2);
INSERT INTO playlist_tracks (playlist_id, track_id, sort_order) VALUES ('p4', 't5', 3);
INSERT INTO playlist_tracks (playlist_id, track_id, sort_order) VALUES ('p4', 't6', 4);
INSERT INTO playlist_tracks (playlist_id, track_id, sort_order) VALUES ('p4', 't7', 5);
INSERT INTO playlist_tracks (playlist_id, track_id, sort_order) VALUES ('p4', 't8', 6);
INSERT INTO playlist_tracks (playlist_id, track_id, sort_order) VALUES ('p4', 't9', 7);
INSERT INTO playlist_tracks (playlist_id, track_id, sort_order) VALUES ('p4', 't10', 8);
INSERT INTO playlist_tracks (playlist_id, track_id, sort_order) VALUES ('p5', 't7', 1);
INSERT INTO playlist_tracks (playlist_id, track_id, sort_order) VALUES ('p5', 't8', 2);
INSERT INTO playlist_tracks (playlist_id, track_id, sort_order) VALUES ('p5', 't9', 3);
INSERT INTO playlist_tracks (playlist_id, track_id, sort_order) VALUES ('p5', 't10', 4);
INSERT INTO playlist_tracks (playlist_id, track_id, sort_order) VALUES ('p5', 't11', 5);
INSERT INTO playlist_tracks (playlist_id, track_id, sort_order) VALUES ('p5', 't12', 6);
INSERT INTO playlist_tracks (playlist_id, track_id, sort_order) VALUES ('p5', 't13', 7);
INSERT INTO playlist_tracks (playlist_id, track_id, sort_order) VALUES ('p5', 't14', 8);
INSERT INTO playlist_tracks (playlist_id, track_id, sort_order) VALUES ('p6', 't1', 1);
INSERT INTO playlist_tracks (playlist_id, track_id, sort_order) VALUES ('p6', 't2', 2);
INSERT INTO playlist_tracks (playlist_id, track_id, sort_order) VALUES ('p6', 't3', 3);
INSERT INTO playlist_tracks (playlist_id, track_id, sort_order) VALUES ('p6', 't4', 4);
INSERT INTO playlist_tracks (playlist_id, track_id, sort_order) VALUES ('p6', 't5', 5);
INSERT INTO playlist_tracks (playlist_id, track_id, sort_order) VALUES ('p6', 't6', 6);
INSERT INTO playlist_tracks (playlist_id, track_id, sort_order) VALUES ('p6', 't7', 7);
INSERT INTO playlist_tracks (playlist_id, track_id, sort_order) VALUES ('p6', 't8', 8);
INSERT INTO playlist_tracks (playlist_id, track_id, sort_order) VALUES ('p6', 't9', 9);
INSERT INTO playlist_tracks (playlist_id, track_id, sort_order) VALUES ('p6', 't10', 10);
